female,day,line,offspring,treatment,pop
125,4,M395,46,single,iv
158,4,M239,52,rival,iv
149,4,M395,53,single,iv
197,4,M395,58,single,iv
173,4,M395,59,single,iv
134,4,M239,67,rival,iv
169,4,M239,67,single,iv
211,4,M596,67,single,iv
165,4,M703,69,single,iv
146,4,M239,73,rival,iv
189,4,M703,73,single,iv
129,4,M703,74,single,iv
176,4,M596,74,rival,iv
137,4,M395,76,single,iv
152,4,M596,76,rival,iv
237,4,M703,78,single,iv
144,4,M900,79,rival,iv
178,4,M703,82,rival,iv
163,4,M596,83,single,iv
225,4,M703,83,single,iv
128,4,M596,84,rival,iv
131,4,M900,84,single,iv
239,4,M900,84,single,iv
193,4,M239,86,single,iv
209,4,M395,86,single,iv
139,4,M596,87,single,iv
155,4,M900,87,single,iv
194,4,M239,87,rival,iv
201,4,M703,87,single,iv
133,4,M239,88,single,iv
167,4,M900,88,single,iv
229,4,M239,88,single,iv
213,4,M703,89,single,iv
154,4,M703,90,rival,iv
156,4,M900,90,rival,iv
153,4,M703,91,single,iv
195,4,M315,91,single,iv
145,4,M239,92,single,iv
124,4,M315,93,rival,iv
185,4,M395,93,single,iv
192,4,M900,93,rival,iv
219,4,M315,93,single,iv
206,4,M239,94,rival,iv
218,4,M239,94,rival,iv
233,4,M395,94,single,iv
150,4,M395,95,rival,iv
164,4,M596,96,rival,iv
186,4,M395,96,rival,iv
187,4,M596,96,single,iv
216,4,M900,96,rival,iv
226,4,M703,96,rival,iv
179,4,M900,97,single,iv
217,4,M239,97,single,iv
196,4,M315,98,rival,iv
221,4,M395,98,single,iv
223,4,M596,98,single,iv
230,4,M239,98,rival,iv
166,4,M703,100,rival,iv
191,4,M900,100,single,iv
210,4,M395,100,rival,iv
215,4,M900,100,single,iv
121,4,M239,101,single,iv
143,4,M900,101,single,iv
151,4,M596,101,single,iv
204,4,M900,101,rival,iv
212,4,M596,101,rival,iv
222,4,M395,101,rival,iv
240,4,M900,101,rival,iv
130,4,M703,102,rival,iv
200,4,M596,102,rival,iv
182,4,M239,103,rival,iv
175,4,M596,104,single,iv
138,4,M395,105,rival,iv
140,4,M596,105,rival,iv
208,4,M315,105,rival,iv
236,4,M596,106,rival,iv
132,4,M900,107,rival,iv
136,4,M315,108,rival,iv
168,4,M900,108,rival,iv
227,4,M900,108,single,iv
162,4,M395,109,rival,iv
181,4,M239,109,single,iv
199,4,M596,109,single,iv
147,4,M315,110,single,iv
172,4,M315,110,rival,iv
228,4,M900,110,rival,iv
177,4,M703,111,single,iv
238,4,M703,111,rival,iv
148,4,M315,112,rival,iv
171,4,M315,112,single,iv
174,4,M395,112,rival,iv
180,4,M900,112,rival,iv
122,4,M239,113,rival,iv
160,4,M315,113,rival,iv
224,4,M596,115,rival,iv
135,4,M315,117,single,iv
184,4,M315,117,rival,iv
141,4,M703,118,single,iv
203,4,M900,118,single,iv
159,4,M315,119,single,iv
205,4,M239,119,single,iv
214,4,M703,119,rival,iv
190,4,M703,120,rival,iv
183,4,M315,121,single,iv
235,4,M596,121,single,iv
198,4,M395,122,rival,iv
234,4,M395,122,rival,iv
220,4,M315,123,rival,iv
161,4,M395,124,single,iv
207,4,M315,126,single,iv
127,4,M596,127,single,iv
231,4,M315,127,single,iv
170,4,M239,128,rival,iv
188,4,M596,132,rival,iv
123,4,M315,133,single,iv
126,4,M395,136,rival,iv
142,4,M703,136,rival,iv
157,4,M239,137,single,iv
101,4,M395,18,single,wild
25,4,M239,24,single,wild
33,4,M703,27,single,wild
45,4,M703,27,single,wild
73,4,M239,28,single,wild
109,4,M239,34,single,wild
97,4,M239,36,single,wild
11,4,M900,37,single,wild
41,4,M395,37,single,wild
89,4,M395,38,single,wild
103,4,M596,38,single,wild
115,4,M596,38,single,wild
37,4,M239,41,single,wild
117,4,M703,43,single,wild
3,4,M315,46,single,wild
71,4,M900,46,single,wild
105,4,M703,46,single,wild
113,4,M395,46,single,wild
27,4,M315,47,single,wild
5,4,M395,49,single,wild
13,4,M239,49,single,wild
69,4,M703,49,single,wild
75,4,M315,51,single,wild
77,4,M395,52,single,wild
81,4,M703,52,single,wild
51,4,M315,53,single,wild
21,4,M703,54,single,wild
111,4,M315,54,single,wild
29,4,M395,55,single,wild
55,4,M596,55,single,wild
57,4,M703,55,single,wild
99,4,M315,55,single,wild
59,4,M900,56,single,wild
61,4,M239,56,single,wild
17,4,M395,57,single,wild
19,4,M596,58,single,wild
39,4,M315,58,single,wild
31,4,M596,60,single,wild
43,4,M596,60,single,wild
93,4,M703,60,single,wild
49,4,M239,61,single,wild
1,4,M239,62,single,wild
119,4,M900,62,single,wild
15,4,M315,63,single,wild
87,4,M315,63,single,wild
65,4,M395,64,single,wild
63,4,M315,66,single,wild
83,4,M900,66,single,wild
85,4,M239,66,single,wild
107,4,M900,69,single,wild
53,4,M395,70,single,wild
7,4,M596,73,single,wild
9,4,M703,76,single,wild
95,4,M900,76,single,wild
91,4,M596,77,single,wild
79,4,M596,81,single,wild
47,4,M900,82,single,wild
23,4,M900,88,single,wild
35,4,M900,88,single,wild
67,4,M596,95,single,wild
104,4,M596,15,rival,wild
114,4,M395,19,rival,wild
40,4,M315,27,rival,wild
68,4,M596,27,rival,wild
46,4,M703,31,rival,wild
100,4,M315,31,rival,wild
112,4,M315,33,rival,wild
76,4,M315,39,rival,wild
80,4,M596,41,rival,wild
20,4,M596,45,rival,wild
50,4,M239,45,rival,wild
32,4,M596,46,rival,wild
72,4,M900,46,rival,wild
88,4,M315,46,rival,wild
92,4,M596,46,rival,wild
26,4,M239,50,rival,wild
44,4,M596,50,rival,wild
58,4,M703,50,rival,wild
52,4,M315,54,rival,wild
102,4,M395,54,rival,wild
118,4,M703,55,rival,wild
34,4,M703,57,rival,wild
70,4,M703,58,rival,wild
116,4,M596,58,rival,wild
12,4,M900,59,rival,wild
106,4,M703,59,rival,wild
28,4,M315,60,rival,wild
6,4,M395,61,rival,wild
8,4,M596,61,rival,wild
10,4,M703,62,rival,wild
18,4,M395,62,rival,wild
2,4,M239,63,rival,wild
14,4,M239,63,rival,wild
74,4,M239,63,rival,wild
98,4,M239,63,rival,wild
30,4,M395,64,rival,wild
36,4,M900,64,rival,wild
64,4,M315,64,rival,wild
82,4,M703,64,rival,wild
120,4,M900,64,rival,wild
66,4,M395,66,rival,wild
78,4,M395,66,rival,wild
48,4,M900,67,rival,wild
54,4,M395,67,rival,wild
16,4,M315,69,rival,wild
42,4,M395,70,rival,wild
24,4,M900,71,rival,wild
90,4,M395,73,rival,wild
94,4,M703,74,rival,wild
60,4,M900,76,rival,wild
96,4,M900,78,rival,wild
110,4,M239,78,rival,wild
22,4,M703,79,rival,wild
56,4,M596,80,rival,wild
62,4,M239,80,rival,wild
84,4,M900,80,rival,wild
86,4,M239,80,rival,wild
108,4,M900,94,rival,wild
4,4,M315,95,rival,wild
38,4,M239,106,rival,wild
122,22,M239,0,rival,iv
125,22,M395,0,single,iv
128,22,M596,0,rival,iv
137,22,M395,0,single,iv
138,22,M395,0,rival,iv
139,22,M596,0,single,iv
149,22,M395,0,single,iv
150,22,M395,0,rival,iv
161,22,M395,0,single,iv
162,22,M395,0,rival,iv
163,22,M596,0,single,iv
180,22,M900,0,rival,iv
189,22,M703,0,single,iv
218,22,M239,0,rival,iv
217,22,M239,1,single,iv
134,22,M239,4,rival,iv
169,22,M239,4,single,iv
174,22,M395,5,rival,iv
141,22,M703,8,single,iv
156,22,M900,12,rival,iv
197,22,M395,12,single,iv
166,22,M703,13,rival,iv
193,22,M239,14,single,iv
235,22,M596,17,single,iv
135,22,M315,19,single,iv
184,22,M315,21,rival,iv
123,22,M315,24,single,iv
207,22,M315,25,single,iv
179,22,M900,26,single,iv
157,22,M239,28,single,iv
230,22,M239,32,rival,iv
154,22,M703,33,rival,iv
142,22,M703,35,rival,iv
143,22,M900,38,single,iv
164,22,M596,40,rival,iv
187,22,M596,41,single,iv
228,22,M900,41,rival,iv
148,22,M315,46,rival,iv
146,22,M239,49,rival,iv
239,22,M900,49,single,iv
165,22,M703,50,single,iv
170,22,M239,64,rival,iv
204,22,M900,69,rival,iv
167,22,M900,75,single,iv
237,22,M703,75,single,iv
227,22,M900,81,single,iv
126,22,M395,97,rival,iv
151,22,M596,115,single,iv
231,22,M315,126,single,iv
87,22,M315,3,single,wild
79,22,M596,28,single,wild
37,22,M239,32,single,wild
67,22,M596,36,single,wild
5,22,M395,42,single,wild
25,22,M239,42,single,wild
19,22,M596,47,single,wild
73,22,M239,48,single,wild
77,22,M395,50,single,wild
47,22,M900,51,single,wild
29,22,M395,59,single,wild
59,22,M900,59,single,wild
65,22,M395,59,single,wild
51,22,M315,60,single,wild
41,22,M395,64,single,wild
115,22,M596,64,single,wild
21,22,M703,65,single,wild
1,22,M239,66,single,wild
3,22,M315,66,single,wild
17,22,M395,67,single,wild
85,22,M239,71,single,wild
101,22,M395,73,single,wild
53,22,M395,74,single,wild
113,22,M395,74,single,wild
119,22,M900,76,single,wild
11,22,M900,78,single,wild
61,22,M239,78,single,wild
27,22,M315,79,single,wild
13,22,M239,81,single,wild
71,22,M900,81,single,wild
97,22,M239,81,single,wild
109,22,M239,82,single,wild
99,22,M315,90,single,wild
45,22,M703,93,single,wild
7,22,M596,94,single,wild
69,22,M703,96,single,wild
75,22,M315,97,single,wild
81,22,M703,97,single,wild
117,22,M703,97,single,wild
103,22,M596,101,single,wild
39,22,M315,109,single,wild
35,22,M900,123,single,wild
105,22,M703,124,single,wild
57,22,M703,126,single,wild
93,22,M703,126,single,wild
43,22,M596,132,single,wild
9,22,M703,157,single,wild
2,22,M239,72,rival,wild
4,22,M315,70,rival,wild
8,22,M596,131,rival,wild
10,22,M703,1,rival,wild
12,22,M900,96,rival,wild
16,22,M315,80,rival,wild
18,22,M395,16,rival,wild
20,22,M596,84,rival,wild
24,22,M900,44,rival,wild
28,22,M315,63,rival,wild
30,22,M395,83,rival,wild
34,22,M703,50,rival,wild
38,22,M239,62,rival,wild
40,22,M315,62,rival,wild
44,22,M596,99,rival,wild
48,22,M900,121,rival,wild
50,22,M239,106,rival,wild
52,22,M315,2,rival,wild
54,22,M395,53,rival,wild
56,22,M596,88,rival,wild
58,22,M703,34,rival,wild
60,22,M900,84,rival,wild
62,22,M239,63,rival,wild
68,22,M596,70,rival,wild
70,22,M703,60,rival,wild
72,22,M900,90,rival,wild
74,22,M239,69,rival,wild
76,22,M315,4,rival,wild
78,22,M395,66,rival,wild
80,22,M596,85,rival,wild
82,22,M703,109,rival,wild
88,22,M315,0,rival,wild
89,22,M395,32,single,wild
90,22,M395,50,rival,wild
92,22,M596,111,rival,wild
94,22,M703,130,rival,wild
96,22,M900,13,rival,wild
100,22,M315,0,rival,wild
102,22,M395,83,rival,wild
106,22,M703,40,rival,wild
108,22,M900,110,rival,wild
110,22,M239,84,rival,wild
114,22,M395,64,rival,wild
116,22,M596,89,rival,wild
118,22,M703,106,rival,wild
120,22,M900,115,rival,wild
186,6,M395,0,rival,iv
171,6,M315,25,single,iv
229,6,M239,40,single,iv
155,6,M900,42,single,iv
197,6,M395,55,single,iv
128,6,M596,66,rival,iv
200,6,M596,66,rival,iv
227,6,M900,66,single,iv
172,6,M315,67,rival,iv
157,6,M239,73,single,iv
127,6,M596,74,single,iv
169,6,M239,75,single,iv
130,6,M703,78,rival,iv
182,6,M239,79,rival,iv
167,6,M900,82,single,iv
163,6,M596,89,single,iv
131,6,M900,91,single,iv
189,6,M703,91,single,iv
201,6,M703,91,single,iv
156,6,M900,92,rival,iv
141,6,M703,95,single,iv
204,6,M900,96,rival,iv
184,6,M315,98,rival,iv
223,6,M596,99,single,iv
239,6,M900,99,single,iv
173,6,M395,100,single,iv
206,6,M239,100,rival,iv
221,6,M395,100,single,iv
213,6,M703,101,single,iv
138,6,M395,103,rival,iv
147,6,M315,103,single,iv
165,6,M703,104,single,iv
180,6,M900,104,rival,iv
181,6,M239,104,single,iv
135,6,M315,105,single,iv
143,6,M900,105,single,iv
218,6,M239,105,rival,iv
134,6,M239,106,rival,iv
137,6,M395,106,single,iv
210,6,M395,107,rival,iv
139,6,M596,109,single,iv
146,6,M239,109,rival,iv
187,6,M596,109,single,iv
188,6,M596,111,rival,iv
235,6,M596,111,single,iv
240,6,M900,111,rival,iv
145,6,M239,112,single,iv
166,6,M703,112,rival,iv
168,6,M900,112,rival,iv
179,6,M900,112,single,iv
237,6,M703,113,single,iv
194,6,M239,115,rival,iv
198,6,M395,116,rival,iv
222,6,M395,116,rival,iv
192,6,M900,117,rival,iv
196,6,M315,117,rival,iv
149,6,M395,118,single,iv
191,6,M900,118,single,iv
211,6,M596,118,single,iv
144,6,M900,119,rival,iv
193,6,M239,122,single,iv
176,6,M596,123,rival,iv
228,6,M900,123,rival,iv
236,6,M596,123,rival,iv
150,6,M395,124,rival,iv
159,6,M315,124,single,iv
170,6,M239,124,rival,iv
190,6,M703,125,rival,iv
133,6,M239,127,single,iv
230,6,M239,127,rival,iv
161,6,M395,128,single,iv
183,6,M315,128,single,iv
136,6,M315,129,rival,iv
220,6,M315,129,rival,iv
154,6,M703,130,rival,iv
160,6,M315,130,rival,iv
124,6,M315,131,rival,iv
126,6,M395,132,rival,iv
148,6,M315,133,rival,iv
203,6,M900,133,single,iv
234,6,M395,133,rival,iv
231,6,M315,134,single,iv
233,6,M395,135,single,iv
121,6,M239,137,single,iv
175,6,M596,137,single,iv
209,6,M395,137,single,iv
125,6,M395,138,single,iv
123,6,M315,140,single,iv
132,6,M900,141,rival,iv
224,6,M596,141,rival,iv
151,6,M596,142,single,iv
199,6,M596,142,single,iv
207,6,M315,144,single,iv
164,6,M596,146,rival,iv
214,6,M703,147,rival,iv
140,6,M596,148,rival,iv
158,6,M239,149,rival,iv
162,6,M395,151,rival,iv
217,6,M239,153,single,iv
122,6,M239,154,rival,iv
142,6,M703,156,rival,iv
174,6,M395,156,rival,iv
129,6,M703,158,single,iv
205,6,M239,161,single,iv
215,6,M900,169,single,iv
61,6,M239,14,single,wild
73,6,M239,17,single,wild
45,6,M703,18,single,wild
103,6,M596,22,single,wild
39,6,M315,24,single,wild
89,6,M395,25,single,wild
49,6,M239,27,single,wild
115,6,M596,27,single,wild
33,6,M703,29,single,wild
75,6,M315,30,single,wild
21,6,M703,32,single,wild
27,6,M315,32,single,wild
81,6,M703,32,single,wild
15,6,M315,34,single,wild
19,6,M596,34,single,wild
117,6,M703,34,single,wild
43,6,M596,35,single,wild
105,6,M703,35,single,wild
13,6,M239,37,single,wild
111,6,M315,40,single,wild
99,6,M315,41,single,wild
1,6,M239,42,single,wild
29,6,M395,44,single,wild
69,6,M703,44,single,wild
9,6,M703,46,single,wild
51,6,M315,46,single,wild
65,6,M395,46,single,wild
25,6,M239,47,single,wild
5,6,M395,48,single,wild
31,6,M596,48,single,wild
59,6,M900,49,single,wild
71,6,M900,52,single,wild
87,6,M315,52,single,wild
93,6,M703,52,single,wild
37,6,M239,53,single,wild
47,6,M900,53,single,wild
57,6,M703,53,single,wild
7,6,M596,55,single,wild
85,6,M239,55,single,wild
91,6,M596,57,single,wild
55,6,M596,60,single,wild
95,6,M900,62,single,wild
63,6,M315,64,single,wild
79,6,M596,64,single,wild
97,6,M239,64,single,wild
101,6,M395,64,single,wild
67,6,M596,65,single,wild
3,6,M315,67,single,wild
11,6,M900,68,single,wild
107,6,M900,68,single,wild
17,6,M395,69,single,wild
77,6,M395,69,single,wild
83,6,M900,71,single,wild
23,6,M900,72,single,wild
41,6,M395,72,single,wild
113,6,M395,73,single,wild
53,6,M395,75,single,wild
109,6,M239,79,single,wild
35,6,M900,91,single,wild
119,6,M900,101,single,wild
104,6,M596,14,rival,wild
20,6,M596,30,rival,wild
42,6,M395,33,rival,wild
118,6,M703,34,rival,wild
46,6,M703,36,rival,wild
74,6,M239,36,rival,wild
40,6,M315,37,rival,wild
18,6,M395,39,rival,wild
82,6,M703,40,rival,wild
86,6,M239,40,rival,wild
68,6,M596,42,rival,wild
88,6,M315,42,rival,wild
70,6,M703,43,rival,wild
16,6,M315,44,rival,wild
62,6,M239,44,rival,wild
110,6,M239,44,rival,wild
50,6,M239,45,rival,wild
52,6,M315,45,rival,wild
76,6,M315,45,rival,wild
80,6,M596,47,rival,wild
22,6,M703,48,rival,wild
98,6,M239,48,rival,wild
72,6,M900,49,rival,wild
94,6,M703,49,rival,wild
66,6,M395,51,rival,wild
112,6,M315,51,rival,wild
34,6,M703,52,rival,wild
10,6,M703,54,rival,wild
102,6,M395,54,rival,wild
32,6,M596,56,rival,wild
48,6,M900,56,rival,wild
114,6,M395,56,rival,wild
2,6,M239,57,rival,wild
8,6,M596,57,rival,wild
26,6,M239,57,rival,wild
30,6,M395,57,rival,wild
64,6,M315,57,rival,wild
12,6,M900,58,rival,wild
58,6,M703,58,rival,wild
24,6,M900,60,rival,wild
36,6,M900,61,rival,wild
100,6,M315,62,rival,wild
44,6,M596,63,rival,wild
92,6,M596,63,rival,wild
6,6,M395,64,rival,wild
96,6,M900,64,rival,wild
14,6,M239,65,rival,wild
78,6,M395,66,rival,wild
120,6,M900,66,rival,wild
116,6,M596,68,rival,wild
4,6,M315,69,rival,wild
38,6,M239,69,rival,wild
90,6,M395,72,rival,wild
108,6,M900,74,rival,wild
28,6,M315,75,rival,wild
56,6,M596,77,rival,wild
84,6,M900,78,rival,wild
106,6,M703,82,rival,wild
54,6,M395,85,rival,wild
60,6,M900,86,rival,wild
186,8,M395,0,rival,iv
223,8,M596,2,single,iv
192,8,M900,10,rival,iv
140,8,M596,18,rival,iv
155,8,M900,21,single,iv
229,8,M239,21,single,iv
189,8,M703,26,single,iv
127,8,M596,38,single,iv
174,8,M395,41,rival,iv
197,8,M395,47,single,iv
145,8,M239,48,single,iv
163,8,M596,51,single,iv
200,8,M596,53,rival,iv
173,8,M395,57,single,iv
131,8,M900,59,single,iv
221,8,M395,65,single,iv
144,8,M900,75,rival,iv
165,8,M703,78,single,iv
161,8,M395,79,single,iv
184,8,M315,80,rival,iv
227,8,M900,80,single,iv
210,8,M395,82,rival,iv
235,8,M596,84,single,iv
138,8,M395,86,rival,iv
130,8,M703,87,rival,iv
121,8,M239,89,single,iv
134,8,M239,89,rival,iv
167,8,M900,89,single,iv
136,8,M315,90,rival,iv
146,8,M239,90,rival,iv
156,8,M900,91,rival,iv
181,8,M239,92,single,iv
198,8,M395,92,rival,iv
201,8,M703,92,single,iv
234,8,M395,92,rival,iv
137,8,M395,94,single,iv
169,8,M239,94,single,iv
150,8,M395,95,rival,iv
191,8,M900,95,single,iv
222,8,M395,101,rival,iv
159,8,M315,102,single,iv
168,8,M900,102,rival,iv
213,8,M703,102,single,iv
125,8,M395,103,single,iv
149,8,M395,105,single,iv
182,8,M239,105,rival,iv
183,8,M315,105,single,iv
187,8,M596,105,single,iv
230,8,M239,105,rival,iv
237,8,M703,105,single,iv
126,8,M395,106,rival,iv
143,8,M900,106,single,iv
141,8,M703,107,single,iv
162,8,M395,108,rival,iv
193,8,M239,109,single,iv
228,8,M900,109,rival,iv
164,8,M596,110,rival,iv
170,8,M239,110,rival,iv
204,8,M900,111,rival,iv
158,8,M239,112,rival,iv
123,8,M315,113,single,iv
132,8,M900,113,rival,iv
211,8,M596,113,single,iv
196,8,M315,114,rival,iv
218,8,M239,114,rival,iv
135,8,M315,116,single,iv
160,8,M315,116,rival,iv
206,8,M239,116,rival,iv
139,8,M596,117,single,iv
166,8,M703,117,rival,iv
179,8,M900,117,single,iv
147,8,M315,118,single,iv
194,8,M239,118,rival,iv
190,8,M703,121,rival,iv
233,8,M395,121,single,iv
220,8,M315,122,rival,iv
154,8,M703,123,rival,iv
188,8,M596,123,rival,iv
205,8,M239,123,single,iv
236,8,M596,123,rival,iv
175,8,M596,124,single,iv
128,8,M596,130,rival,iv
148,8,M315,130,rival,iv
224,8,M596,130,rival,iv
124,8,M315,131,rival,iv
151,8,M596,131,single,iv
142,8,M703,133,rival,iv
180,8,M900,135,rival,iv
231,8,M315,135,single,iv
199,8,M596,136,single,iv
203,8,M900,136,single,iv
215,8,M900,139,single,iv
240,8,M900,139,rival,iv
133,8,M239,146,single,iv
217,8,M239,146,single,iv
239,8,M900,147,single,iv
122,8,M239,148,rival,iv
214,8,M703,149,rival,iv
129,8,M703,155,single,iv
207,8,M315,162,single,iv
209,8,M395,164,single,iv
157,8,M239,177,single,iv
49,8,M239,31,single,wild
33,8,M703,51,single,wild
89,8,M395,63,single,wild
73,8,M239,66,single,wild
61,8,M239,68,single,wild
39,8,M315,71,single,wild
95,8,M900,77,single,wild
115,8,M596,77,single,wild
31,8,M596,85,single,wild
67,8,M596,85,single,wild
27,8,M315,87,single,wild
103,8,M596,87,single,wild
9,8,M703,88,single,wild
11,8,M900,91,single,wild
65,8,M395,91,single,wild
47,8,M900,92,single,wild
45,8,M703,94,single,wild
63,8,M315,94,single,wild
101,8,M395,94,single,wild
37,8,M239,95,single,wild
97,8,M239,95,single,wild
91,8,M596,97,single,wild
3,8,M315,98,single,wild
21,8,M703,98,single,wild
29,8,M395,98,single,wild
71,8,M900,98,single,wild
83,8,M900,99,single,wild
25,8,M239,100,single,wild
59,8,M900,100,single,wild
75,8,M315,101,single,wild
19,8,M596,102,single,wild
43,8,M596,102,single,wild
57,8,M703,103,single,wild
109,8,M239,105,single,wild
15,8,M315,106,single,wild
117,8,M703,106,single,wild
77,8,M395,107,single,wild
99,8,M315,107,single,wild
41,8,M395,108,single,wild
105,8,M703,108,single,wild
55,8,M596,110,single,wild
87,8,M315,110,single,wild
7,8,M596,111,single,wild
69,8,M703,111,single,wild
113,8,M395,112,single,wild
5,8,M395,113,single,wild
51,8,M315,115,single,wild
81,8,M703,115,single,wild
13,8,M239,116,single,wild
79,8,M596,116,single,wild
53,8,M395,118,single,wild
107,8,M900,120,single,wild
1,8,M239,123,single,wild
23,8,M900,124,single,wild
119,8,M900,125,single,wild
17,8,M395,126,single,wild
93,8,M703,128,single,wild
35,8,M900,133,single,wild
85,8,M239,142,single,wild
100,8,M315,64,rival,wild
90,8,M395,67,rival,wild
106,8,M703,67,rival,wild
76,8,M315,76,rival,wild
18,8,M395,85,rival,wild
64,8,M315,86,rival,wild
68,8,M596,86,rival,wild
114,8,M395,86,rival,wild
20,8,M596,87,rival,wild
44,8,M596,88,rival,wild
30,8,M395,89,rival,wild
28,8,M315,90,rival,wild
82,8,M703,91,rival,wild
72,8,M900,92,rival,wild
108,8,M900,92,rival,wild
84,8,M900,93,rival,wild
102,8,M395,93,rival,wild
4,8,M315,94,rival,wild
94,8,M703,97,rival,wild
42,8,M395,98,rival,wild
36,8,M900,99,rival,wild
52,8,M315,99,rival,wild
98,8,M239,99,rival,wild
12,8,M900,100,rival,wild
26,8,M239,100,rival,wild
86,8,M239,100,rival,wild
22,8,M703,102,rival,wild
40,8,M315,102,rival,wild
88,8,M315,102,rival,wild
16,8,M315,103,rival,wild
80,8,M596,103,rival,wild
112,8,M315,103,rival,wild
34,8,M703,104,rival,wild
92,8,M596,104,rival,wild
60,8,M900,106,rival,wild
120,8,M900,106,rival,wild
48,8,M900,107,rival,wild
118,8,M703,108,rival,wild
2,8,M239,110,rival,wild
38,8,M239,111,rival,wild
46,8,M703,111,rival,wild
54,8,M395,111,rival,wild
10,8,M703,112,rival,wild
56,8,M596,112,rival,wild
32,8,M596,115,rival,wild
6,8,M395,118,rival,wild
58,8,M703,119,rival,wild
62,8,M239,119,rival,wild
70,8,M703,120,rival,wild
74,8,M239,120,rival,wild
96,8,M900,121,rival,wild
8,8,M596,123,rival,wild
14,8,M239,123,rival,wild
50,8,M239,123,rival,wild
116,8,M596,125,rival,wild
78,8,M395,130,rival,wild
110,8,M239,133,rival,wild
24,8,M900,136,rival,wild
186,10,M395,0,rival,iv
130,10,M703,8,rival,iv
140,10,M596,10,rival,iv
192,10,M900,19,rival,iv
190,10,M703,21,rival,iv
146,10,M239,41,rival,iv
206,10,M239,44,rival,iv
162,10,M395,49,rival,iv
127,10,M596,50,single,iv
145,10,M239,52,single,iv
197,10,M395,52,single,iv
164,10,M596,54,rival,iv
169,10,M239,57,single,iv
158,10,M239,60,rival,iv
131,10,M900,62,single,iv
200,10,M596,64,rival,iv
168,10,M900,66,rival,iv
173,10,M395,68,single,iv
220,10,M315,69,rival,iv
138,10,M395,70,rival,iv
167,10,M900,70,single,iv
221,10,M395,71,single,iv
128,10,M596,72,rival,iv
132,10,M900,73,rival,iv
163,10,M596,73,single,iv
155,10,M900,74,single,iv
210,10,M395,79,rival,iv
144,10,M900,80,rival,iv
122,10,M239,84,rival,iv
165,10,M703,84,single,iv
180,10,M900,86,rival,iv
142,10,M703,87,rival,iv
201,10,M703,88,single,iv
228,10,M900,88,rival,iv
148,10,M315,90,rival,iv
156,10,M900,90,rival,iv
214,10,M703,91,rival,iv
125,10,M395,92,single,iv
137,10,M395,92,single,iv
149,10,M395,92,single,iv
141,10,M703,93,single,iv
126,10,M395,94,rival,iv
213,10,M703,96,single,iv
170,10,M239,100,rival,iv
198,10,M395,101,rival,iv
136,10,M315,102,rival,iv
166,10,M703,102,rival,iv
235,10,M596,102,single,iv
147,10,M315,103,single,iv
179,10,M900,103,single,iv
240,10,M900,103,rival,iv
183,10,M315,104,single,iv
189,10,M703,104,single,iv
211,10,M596,104,single,iv
134,10,M239,106,rival,iv
150,10,M395,106,rival,iv
230,10,M239,106,rival,iv
237,10,M703,106,single,iv
121,10,M239,110,single,iv
194,10,M239,110,rival,iv
143,10,M900,111,single,iv
234,10,M395,111,rival,iv
139,10,M596,112,single,iv
159,10,M315,112,single,iv
181,10,M239,112,single,iv
187,10,M596,112,single,iv
231,10,M315,112,single,iv
239,10,M900,112,single,iv
191,10,M900,113,single,iv
204,10,M900,113,rival,iv
218,10,M239,114,rival,iv
224,10,M596,114,rival,iv
188,10,M596,115,rival,iv
124,10,M315,116,rival,iv
193,10,M239,116,single,iv
196,10,M315,118,rival,iv
236,10,M596,118,rival,iv
161,10,M395,120,single,iv
129,10,M703,121,single,iv
184,10,M315,122,rival,iv
215,10,M900,122,single,iv
154,10,M703,123,rival,iv
217,10,M239,123,single,iv
133,10,M239,124,single,iv
203,10,M900,124,single,iv
160,10,M315,126,rival,iv
175,10,M596,126,single,iv
222,10,M395,126,rival,iv
227,10,M900,128,single,iv
123,10,M315,130,single,iv
233,10,M395,130,single,iv
209,10,M395,135,single,iv
207,10,M315,136,single,iv
151,10,M596,139,single,iv
199,10,M596,145,single,iv
135,10,M315,148,single,iv
174,10,M395,152,rival,iv
157,10,M239,168,single,iv
49,10,M239,26,single,wild
33,10,M703,35,single,wild
91,10,M596,37,single,wild
95,10,M900,66,single,wild
97,10,M239,93,single,wild
7,10,M596,98,single,wild
39,10,M315,101,single,wild
65,10,M395,101,single,wild
89,10,M395,104,single,wild
27,10,M315,109,single,wild
101,10,M395,109,single,wild
73,10,M239,110,single,wild
5,10,M395,112,single,wild
99,10,M315,112,single,wild
51,10,M315,114,single,wild
61,10,M239,115,single,wild
57,10,M703,117,single,wild
117,10,M703,117,single,wild
83,10,M900,119,single,wild
103,10,M596,119,single,wild
109,10,M239,120,single,wild
17,10,M395,121,single,wild
41,10,M395,121,single,wild
43,10,M596,121,single,wild
45,10,M703,121,single,wild
3,10,M315,123,single,wild
29,10,M395,124,single,wild
77,10,M395,124,single,wild
69,10,M703,125,single,wild
113,10,M395,125,single,wild
11,10,M900,126,single,wild
13,10,M239,126,single,wild
15,10,M315,126,single,wild
105,10,M703,126,single,wild
25,10,M239,127,single,wild
81,10,M703,127,single,wild
21,10,M703,129,single,wild
55,10,M596,129,single,wild
115,10,M596,129,single,wild
107,10,M900,130,single,wild
71,10,M900,131,single,wild
79,10,M596,132,single,wild
37,10,M239,133,single,wild
53,10,M395,135,single,wild
9,10,M703,137,single,wild
47,10,M900,137,single,wild
67,10,M596,139,single,wild
59,10,M900,142,single,wild
31,10,M596,146,single,wild
19,10,M596,148,single,wild
119,10,M900,152,single,wild
35,10,M900,153,single,wild
85,10,M239,153,single,wild
1,10,M239,154,single,wild
87,10,M315,154,single,wild
75,10,M315,155,single,wild
23,10,M900,164,single,wild
93,10,M703,166,single,wild
63,10,M315,167,single,wild
88,10,M315,21,rival,wild
100,10,M315,66,rival,wild
8,10,M596,90,rival,wild
96,10,M900,102,rival,wild
26,10,M239,103,rival,wild
68,10,M596,103,rival,wild
46,10,M703,113,rival,wild
52,10,M315,113,rival,wild
76,10,M315,117,rival,wild
42,10,M395,118,rival,wild
80,10,M596,119,rival,wild
72,10,M900,120,rival,wild
106,10,M703,120,rival,wild
18,10,M395,122,rival,wild
112,10,M315,123,rival,wild
28,10,M315,126,rival,wild
74,10,M239,126,rival,wild
102,10,M395,126,rival,wild
84,10,M900,128,rival,wild
10,10,M703,130,rival,wild
118,10,M703,130,rival,wild
70,10,M703,131,rival,wild
12,10,M900,132,rival,wild
20,10,M596,132,rival,wild
86,10,M239,132,rival,wild
94,10,M703,132,rival,wild
114,10,M395,132,rival,wild
98,10,M239,134,rival,wild
16,10,M315,136,rival,wild
56,10,M596,136,rival,wild
116,10,M596,136,rival,wild
22,10,M703,137,rival,wild
90,10,M395,137,rival,wild
40,10,M315,138,rival,wild
2,10,M239,139,rival,wild
54,10,M395,139,rival,wild
62,10,M239,139,rival,wild
14,10,M239,140,rival,wild
78,10,M395,140,rival,wild
32,10,M596,141,rival,wild
48,10,M900,141,rival,wild
64,10,M315,141,rival,wild
4,10,M315,142,rival,wild
24,10,M900,142,rival,wild
92,10,M596,143,rival,wild
82,10,M703,144,rival,wild
6,10,M395,145,rival,wild
50,10,M239,145,rival,wild
108,10,M900,145,rival,wild
110,10,M239,145,rival,wild
30,10,M395,151,rival,wild
58,10,M703,151,rival,wild
34,10,M703,152,rival,wild
44,10,M596,154,rival,wild
36,10,M900,156,rival,wild
60,10,M900,161,rival,wild
38,10,M239,165,rival,wild
120,10,M900,166,rival,wild
144,12,M900,0,rival,iv
186,12,M395,0,rival,iv
145,12,M239,4,single,iv
127,12,M596,6,single,iv
192,12,M900,7,rival,iv
132,12,M900,15,rival,iv
169,12,M239,23,single,iv
158,12,M239,26,rival,iv
164,12,M596,28,rival,iv
131,12,M900,29,single,iv
128,12,M596,31,rival,iv
138,12,M395,33,rival,iv
155,12,M900,33,single,iv
179,12,M900,36,single,iv
175,12,M596,37,single,iv
140,12,M596,40,rival,iv
197,12,M395,42,single,iv
211,12,M596,43,single,iv
130,12,M703,45,rival,iv
163,12,M596,45,single,iv
189,12,M703,48,single,iv
188,12,M596,49,rival,iv
200,12,M596,50,rival,iv
220,12,M315,55,rival,iv
227,12,M900,59,single,iv
133,12,M239,62,single,iv
201,12,M703,63,single,iv
165,12,M703,65,single,iv
168,12,M900,65,rival,iv
206,12,M239,66,rival,iv
139,12,M596,67,single,iv
199,12,M596,68,single,iv
191,12,M900,70,single,iv
167,12,M900,74,single,iv
121,12,M239,77,single,iv
136,12,M315,77,rival,iv
156,12,M900,77,rival,iv
174,12,M395,78,rival,iv
218,12,M239,79,rival,iv
146,12,M239,81,rival,iv
173,12,M395,81,single,iv
183,12,M315,82,single,iv
221,12,M395,83,single,iv
147,12,M315,84,single,iv
203,12,M900,85,single,iv
141,12,M703,86,single,iv
142,12,M703,88,rival,iv
215,12,M900,88,single,iv
137,12,M395,90,single,iv
224,12,M596,90,rival,iv
230,12,M239,92,rival,iv
235,12,M596,92,single,iv
181,12,M239,93,single,iv
222,12,M395,93,rival,iv
228,12,M900,93,rival,iv
236,12,M596,93,rival,iv
166,12,M703,96,rival,iv
190,12,M703,96,rival,iv
214,12,M703,98,rival,iv
149,12,M395,100,single,iv
210,12,M395,100,rival,iv
143,12,M900,101,single,iv
187,12,M596,101,single,iv
162,12,M395,102,rival,iv
196,12,M315,102,rival,iv
198,12,M395,103,rival,iv
234,12,M395,104,rival,iv
124,12,M315,105,rival,iv
193,12,M239,108,single,iv
151,12,M596,109,single,iv
150,12,M395,110,rival,iv
134,12,M239,112,rival,iv
126,12,M395,113,rival,iv
122,12,M239,118,rival,iv
204,12,M900,119,rival,iv
217,12,M239,120,single,iv
184,12,M315,121,rival,iv
154,12,M703,122,rival,iv
161,12,M395,122,single,iv
207,12,M315,122,single,iv
237,12,M703,122,single,iv
231,12,M315,123,single,iv
125,12,M395,124,single,iv
148,12,M315,126,rival,iv
180,12,M900,126,rival,iv
239,12,M900,126,single,iv
160,12,M315,128,rival,iv
170,12,M239,128,rival,iv
209,12,M395,128,single,iv
135,12,M315,129,single,iv
233,12,M395,131,single,iv
123,12,M315,135,single,iv
157,12,M239,138,single,iv
49,12,M239,14,single,wild
21,12,M703,16,single,wild
15,12,M315,29,single,wild
33,12,M703,29,single,wild
119,12,M900,49,single,wild
23,12,M900,64,single,wild
87,12,M315,76,single,wild
101,12,M395,76,single,wild
27,12,M315,78,single,wild
113,12,M395,83,single,wild
73,12,M239,84,single,wild
7,12,M596,89,single,wild
65,12,M395,94,single,wild
81,12,M703,95,single,wild
105,12,M703,96,single,wild
25,12,M239,97,single,wild
89,12,M395,98,single,wild
79,12,M596,99,single,wild
11,12,M900,101,single,wild
45,12,M703,102,single,wild
41,12,M395,104,single,wild
5,12,M395,106,single,wild
51,12,M315,106,single,wild
37,12,M239,108,single,wild
57,12,M703,109,single,wild
95,12,M900,109,single,wild
61,12,M239,110,single,wild
3,12,M315,112,single,wild
55,12,M596,112,single,wild
115,12,M596,114,single,wild
71,12,M900,120,single,wild
17,12,M395,125,single,wild
39,12,M315,126,single,wild
83,12,M900,126,single,wild
43,12,M596,127,single,wild
31,12,M596,133,single,wild
69,12,M703,133,single,wild
103,12,M596,134,single,wild
77,12,M395,136,single,wild
85,12,M239,136,single,wild
47,12,M900,137,single,wild
19,12,M596,138,single,wild
117,12,M703,139,single,wild
63,12,M315,140,single,wild
97,12,M239,142,single,wild
109,12,M239,143,single,wild
13,12,M239,144,single,wild
29,12,M395,146,single,wild
59,12,M900,147,single,wild
93,12,M703,154,single,wild
67,12,M596,158,single,wild
99,12,M315,158,single,wild
107,12,M900,162,single,wild
1,12,M239,163,single,wild
75,12,M315,163,single,wild
9,12,M703,164,single,wild
35,12,M900,167,single,wild
53,12,M395,169,single,wild
100,12,M315,28,rival,wild
26,12,M239,55,rival,wild
28,12,M315,55,rival,wild
6,12,M395,59,rival,wild
14,12,M239,59,rival,wild
112,12,M315,61,rival,wild
20,12,M596,66,rival,wild
34,12,M703,67,rival,wild
106,12,M703,69,rival,wild
58,12,M703,78,rival,wild
90,12,M395,81,rival,wild
4,12,M315,89,rival,wild
114,12,M395,89,rival,wild
30,12,M395,91,rival,wild
88,12,M315,103,rival,wild
120,12,M900,103,rival,wild
22,12,M703,104,rival,wild
84,12,M900,104,rival,wild
52,12,M315,106,rival,wild
8,12,M596,108,rival,wild
40,12,M315,108,rival,wild
92,12,M596,109,rival,wild
46,12,M703,113,rival,wild
80,12,M596,115,rival,wild
74,12,M239,116,rival,wild
76,12,M315,117,rival,wild
18,12,M395,118,rival,wild
16,12,M315,120,rival,wild
10,12,M703,121,rival,wild
64,12,M315,122,rival,wild
24,12,M900,124,rival,wild
12,12,M900,126,rival,wild
68,12,M596,126,rival,wild
60,12,M900,127,rival,wild
82,12,M703,127,rival,wild
86,12,M239,128,rival,wild
54,12,M395,129,rival,wild
102,12,M395,129,rival,wild
72,12,M900,132,rival,wild
44,12,M596,135,rival,wild
62,12,M239,136,rival,wild
118,12,M703,136,rival,wild
94,12,M703,137,rival,wild
2,12,M239,138,rival,wild
70,12,M703,139,rival,wild
42,12,M395,140,rival,wild
32,12,M596,141,rival,wild
96,12,M900,141,rival,wild
78,12,M395,142,rival,wild
38,12,M239,143,rival,wild
108,12,M900,144,rival,wild
98,12,M239,145,rival,wild
56,12,M596,149,rival,wild
110,12,M239,152,rival,wild
116,12,M596,153,rival,wild
48,12,M900,154,rival,wild
50,12,M239,166,rival,wild
36,12,M900,172,rival,wild
132,14,M900,0,rival,iv
140,14,M596,0,rival,iv
175,14,M596,0,single,iv
220,14,M315,0,rival,iv
230,14,M239,0,rival,iv
145,14,M239,1,single,iv
192,14,M900,1,rival,iv
130,14,M703,2,rival,iv
203,14,M900,3,single,iv
200,14,M596,4,rival,iv
127,14,M596,6,single,iv
190,14,M703,6,rival,iv
169,14,M239,11,single,iv
224,14,M596,16,rival,iv
138,14,M395,17,rival,iv
208,14,M315,17,rival,iv
128,14,M596,18,rival,iv
139,14,M596,18,single,iv
189,14,M703,21,single,iv
164,14,M596,22,rival,iv
221,14,M395,24,single,iv
131,14,M900,25,single,iv
168,14,M900,26,rival,iv
163,14,M596,28,single,iv
193,14,M239,30,single,iv
137,14,M395,32,single,iv
197,14,M395,33,single,iv
133,14,M239,44,single,iv
181,14,M239,44,single,iv
228,14,M900,44,rival,iv
234,14,M395,46,rival,iv
162,14,M395,49,rival,iv
136,14,M315,51,rival,iv
149,14,M395,54,single,iv
199,14,M596,56,single,iv
165,14,M703,58,single,iv
201,14,M703,59,single,iv
191,14,M900,60,single,iv
122,14,M239,61,rival,iv
125,14,M395,63,single,iv
166,14,M703,63,rival,iv
211,14,M596,64,single,iv
142,14,M703,67,rival,iv
167,14,M900,67,single,iv
214,14,M703,67,rival,iv
143,14,M900,72,single,iv
156,14,M900,72,rival,iv
215,14,M900,72,single,iv
222,14,M395,72,rival,iv
158,14,M239,74,rival,iv
218,14,M239,75,rival,iv
147,14,M315,76,single,iv
141,14,M703,77,single,iv
170,14,M239,79,rival,iv
146,14,M239,80,rival,iv
157,14,M239,80,single,iv
188,14,M596,80,rival,iv
124,14,M315,82,rival,iv
144,14,M900,82,rival,iv
174,14,M395,82,rival,iv
126,14,M395,84,rival,iv
187,14,M596,84,single,iv
196,14,M315,87,rival,iv
134,14,M239,91,rival,iv
210,14,M395,94,rival,iv
237,14,M703,94,single,iv
173,14,M395,95,single,iv
179,14,M900,95,single,iv
227,14,M900,97,single,iv
198,14,M395,99,rival,iv
160,14,M315,101,rival,iv
207,14,M315,102,single,iv
235,14,M596,102,single,iv
135,14,M315,103,single,iv
204,14,M900,108,rival,iv
150,14,M395,110,rival,iv
154,14,M703,110,rival,iv
183,14,M315,110,single,iv
184,14,M315,111,rival,iv
151,14,M596,112,single,iv
161,14,M395,112,single,iv
148,14,M315,115,rival,iv
239,14,M900,115,single,iv
180,14,M900,119,rival,iv
217,14,M239,121,single,iv
123,14,M315,124,single,iv
231,14,M315,124,single,iv
233,14,M395,130,single,iv
49,14,M239,0,single,wild
83,14,M900,2,single,wild
23,14,M900,12,single,wild
89,14,M395,29,single,wild
33,14,M703,34,single,wild
73,14,M239,36,single,wild
67,14,M596,45,single,wild
95,14,M900,45,single,wild
61,14,M239,48,single,wild
79,14,M596,52,single,wild
93,14,M703,63,single,wild
105,14,M703,63,single,wild
41,14,M395,67,single,wild
57,14,M703,73,single,wild
29,14,M395,81,single,wild
45,14,M703,82,single,wild
5,14,M395,83,single,wild
87,14,M315,84,single,wild
117,14,M703,88,single,wild
25,14,M239,89,single,wild
115,14,M596,90,single,wild
65,14,M395,92,single,wild
11,14,M900,98,single,wild
9,14,M703,99,single,wild
63,14,M315,100,single,wild
47,14,M900,102,single,wild
53,14,M395,105,single,wild
21,14,M703,107,single,wild
27,14,M315,109,single,wild
71,14,M900,109,single,wild
101,14,M395,109,single,wild
7,14,M596,112,single,wild
51,14,M315,112,single,wild
69,14,M703,112,single,wild
43,14,M596,114,single,wild
17,14,M395,115,single,wild
59,14,M900,116,single,wild
37,14,M239,117,single,wild
31,14,M596,119,single,wild
113,14,M395,119,single,wild
55,14,M596,120,single,wild
103,14,M596,121,single,wild
81,14,M703,122,single,wild
119,14,M900,122,single,wild
77,14,M395,125,single,wild
3,14,M315,129,single,wild
13,14,M239,132,single,wild
99,14,M315,134,single,wild
109,14,M239,134,single,wild
97,14,M239,136,single,wild
85,14,M239,142,single,wild
35,14,M900,144,single,wild
39,14,M315,145,single,wild
19,14,M596,148,single,wild
1,14,M239,149,single,wild
75,14,M315,149,single,wild
15,14,M315,155,single,wild
107,14,M900,162,single,wild
90,14,M395,4,rival,wild
26,14,M239,12,rival,wild
108,14,M900,36,rival,wild
56,14,M596,57,rival,wild
62,14,M239,70,rival,wild
10,14,M703,71,rival,wild
106,14,M703,77,rival,wild
74,14,M239,78,rival,wild
100,14,M315,78,rival,wild
34,14,M703,84,rival,wild
76,14,M315,87,rival,wild
68,14,M596,88,rival,wild
18,14,M395,92,rival,wild
86,14,M239,92,rival,wild
72,14,M900,96,rival,wild
116,14,M596,97,rival,wild
96,14,M900,98,rival,wild
112,14,M315,98,rival,wild
46,14,M703,103,rival,wild
114,14,M395,103,rival,wild
20,14,M596,104,rival,wild
8,14,M596,106,rival,wild
92,14,M596,107,rival,wild
24,14,M900,108,rival,wild
118,14,M703,109,rival,wild
64,14,M315,110,rival,wild
6,14,M395,112,rival,wild
4,14,M315,113,rival,wild
52,14,M315,113,rival,wild
28,14,M315,114,rival,wild
80,14,M596,114,rival,wild
84,14,M900,118,rival,wild
44,14,M596,121,rival,wild
88,14,M315,121,rival,wild
2,14,M239,122,rival,wild
58,14,M703,123,rival,wild
102,14,M395,123,rival,wild
16,14,M315,124,rival,wild
120,14,M900,126,rival,wild
98,14,M239,128,rival,wild
40,14,M315,129,rival,wild
60,14,M900,129,rival,wild
22,14,M703,130,rival,wild
94,14,M703,130,rival,wild
70,14,M703,131,rival,wild
32,14,M596,132,rival,wild
42,14,M395,132,rival,wild
54,14,M395,132,rival,wild
12,14,M900,133,rival,wild
82,14,M703,138,rival,wild
38,14,M239,145,rival,wild
30,14,M395,146,rival,wild
110,14,M239,148,rival,wild
48,14,M900,149,rival,wild
78,14,M395,156,rival,wild
50,14,M239,162,rival,wild
14,14,M239,163,rival,wild
36,14,M900,171,rival,wild
125,16,M395,0,single,iv
133,16,M239,0,single,iv
136,16,M315,0,rival,iv
158,16,M239,0,rival,iv
168,16,M900,0,rival,iv
175,16,M596,0,single,iv
190,16,M703,0,rival,iv
192,16,M900,0,rival,iv
220,16,M315,0,rival,iv
189,16,M703,1,single,iv
132,16,M900,2,rival,iv
222,16,M395,3,rival,iv
128,16,M596,5,rival,iv
140,16,M596,5,rival,iv
206,16,M239,9,rival,iv
228,16,M900,9,rival,iv
131,16,M900,14,single,iv
169,16,M239,14,single,iv
197,16,M395,16,single,iv
139,16,M596,18,single,iv
161,16,M395,19,single,iv
137,16,M395,22,single,iv
146,16,M239,23,rival,iv
224,16,M596,26,rival,iv
164,16,M596,29,rival,iv
179,16,M900,34,single,iv
199,16,M596,36,single,iv
160,16,M315,37,rival,iv
211,16,M596,38,single,iv
167,16,M900,41,single,iv
200,16,M596,41,rival,iv
234,16,M395,41,rival,iv
124,16,M315,46,rival,iv
215,16,M900,49,single,iv
142,16,M703,50,rival,iv
156,16,M900,50,rival,iv
163,16,M596,51,single,iv
147,16,M315,52,single,iv
210,16,M395,52,rival,iv
135,16,M315,53,single,iv
162,16,M395,55,rival,iv
196,16,M315,57,rival,iv
235,16,M596,61,single,iv
239,16,M900,61,single,iv
143,16,M900,62,single,iv
141,16,M703,63,single,iv
188,16,M596,63,rival,iv
165,16,M703,65,single,iv
166,16,M703,66,rival,iv
149,16,M395,70,single,iv
148,16,M315,74,rival,iv
187,16,M596,74,single,iv
230,16,M239,76,rival,iv
173,16,M395,80,single,iv
207,16,M315,82,single,iv
123,16,M315,83,single,iv
191,16,M900,83,single,iv
227,16,M900,87,single,iv
233,16,M395,87,single,iv
193,16,M239,89,single,iv
183,16,M315,93,single,iv
218,16,M239,94,rival,iv
170,16,M239,95,rival,iv
134,16,M239,96,rival,iv
204,16,M900,96,rival,iv
237,16,M703,100,single,iv
217,16,M239,101,single,iv
126,16,M395,103,rival,iv
184,16,M315,104,rival,iv
154,16,M703,105,rival,iv
150,16,M395,108,rival,iv
151,16,M596,108,single,iv
180,16,M900,111,rival,iv
138,16,M395,113,rival,iv
174,16,M395,117,rival,iv
122,16,M239,118,rival,iv
157,16,M239,119,single,iv
231,16,M315,133,single,iv
23,16,M900,0,single,wild
31,16,M596,2,single,wild
57,16,M703,8,single,wild
33,16,M703,23,single,wild
51,16,M315,24,single,wild
61,16,M239,25,single,wild
9,16,M703,26,single,wild
79,16,M596,27,single,wild
103,16,M596,35,single,wild
3,16,M315,50,single,wild
101,16,M395,50,single,wild
37,16,M239,55,single,wild
5,16,M395,71,single,wild
47,16,M900,72,single,wild
45,16,M703,77,single,wild
11,16,M900,81,single,wild
75,16,M315,81,single,wild
89,16,M395,84,single,wild
43,16,M596,89,single,wild
55,16,M596,92,single,wild
25,16,M239,93,single,wild
41,16,M395,94,single,wild
117,16,M703,95,single,wild
59,16,M900,97,single,wild
115,16,M596,97,single,wild
29,16,M395,102,single,wild
95,16,M900,102,single,wild
73,16,M239,103,single,wild
27,16,M315,104,single,wild
65,16,M395,104,single,wild
7,16,M596,106,single,wild
71,16,M900,113,single,wild
77,16,M395,116,single,wild
39,16,M315,117,single,wild
69,16,M703,117,single,wild
17,16,M395,119,single,wild
21,16,M703,120,single,wild
97,16,M239,123,single,wild
113,16,M395,124,single,wild
13,16,M239,128,single,wild
87,16,M315,129,single,wild
19,16,M596,130,single,wild
119,16,M900,130,single,wild
99,16,M315,131,single,wild
85,16,M239,133,single,wild
107,16,M900,136,single,wild
81,16,M703,138,single,wild
105,16,M703,138,single,wild
53,16,M395,144,single,wild
67,16,M596,147,single,wild
93,16,M703,147,single,wild
109,16,M239,151,single,wild
15,16,M315,157,single,wild
1,16,M239,158,single,wild
63,16,M315,165,single,wild
35,16,M900,166,single,wild
32,16,M596,2,rival,wild
26,16,M239,3,rival,wild
118,16,M703,6,rival,wild
84,16,M900,23,rival,wild
100,16,M315,37,rival,wild
10,16,M703,44,rival,wild
24,16,M900,56,rival,wild
42,16,M395,73,rival,wild
110,16,M239,75,rival,wild
112,16,M315,75,rival,wild
56,16,M596,76,rival,wild
94,16,M703,80,rival,wild
18,16,M395,84,rival,wild
76,16,M315,84,rival,wild
64,16,M315,86,rival,wild
34,16,M703,89,rival,wild
70,16,M703,90,rival,wild
12,16,M900,96,rival,wild
92,16,M596,98,rival,wild
8,16,M596,99,rival,wild
120,16,M900,99,rival,wild
114,16,M395,100,rival,wild
28,16,M315,101,rival,wild
68,16,M596,103,rival,wild
88,16,M315,105,rival,wild
58,16,M703,107,rival,wild
54,16,M395,111,rival,wild
80,16,M596,111,rival,wild
46,16,M703,112,rival,wild
106,16,M703,112,rival,wild
20,16,M596,115,rival,wild
50,16,M239,116,rival,wild
82,16,M703,117,rival,wild
52,16,M315,118,rival,wild
60,16,M900,118,rival,wild
44,16,M596,122,rival,wild
4,16,M315,124,rival,wild
48,16,M900,125,rival,wild
102,16,M395,125,rival,wild
108,16,M900,127,rival,wild
40,16,M315,128,rival,wild
72,16,M900,131,rival,wild
86,16,M239,132,rival,wild
16,16,M315,133,rival,wild
96,16,M900,135,rival,wild
2,16,M239,137,rival,wild
36,16,M900,137,rival,wild
14,16,M239,138,rival,wild
62,16,M239,138,rival,wild
116,16,M596,138,rival,wild
90,16,M395,139,rival,wild
38,16,M239,145,rival,wild
6,16,M395,149,rival,wild
74,16,M239,153,rival,wild
78,16,M395,155,rival,wild
30,16,M395,161,rival,wild
128,18,M596,0,rival,iv
136,18,M315,0,rival,iv
158,18,M239,0,rival,iv
162,18,M395,0,rival,iv
168,18,M900,0,rival,iv
175,18,M596,0,single,iv
180,18,M900,0,rival,iv
189,18,M703,0,single,iv
190,18,M703,0,rival,iv
192,18,M900,0,rival,iv
210,18,M395,0,rival,iv
220,18,M315,0,rival,iv
222,18,M395,0,rival,iv
206,18,M239,2,rival,iv
147,18,M315,3,single,iv
150,18,M395,3,rival,iv
169,18,M239,3,single,iv
234,18,M395,3,rival,iv
187,18,M596,5,single,iv
215,18,M900,6,single,iv
137,18,M395,10,single,iv
218,18,M239,11,rival,iv
122,18,M239,13,rival,iv
148,18,M315,16,rival,iv
211,18,M596,16,single,iv
138,18,M395,19,rival,iv
160,18,M315,20,rival,iv
142,18,M703,23,rival,iv
237,18,M703,23,single,iv
199,18,M596,24,single,iv
139,18,M596,25,single,iv
141,18,M703,25,single,iv
179,18,M900,25,single,iv
193,18,M239,25,single,iv
143,18,M900,27,single,iv
163,18,M596,28,single,iv
164,18,M596,31,rival,iv
197,18,M395,31,single,iv
217,18,M239,31,single,iv
156,18,M900,32,rival,iv
200,18,M596,33,rival,iv
196,18,M315,36,rival,iv
235,18,M596,37,single,iv
183,18,M315,38,single,iv
124,18,M315,45,rival,iv
230,18,M239,45,rival,iv
173,18,M395,48,single,iv
207,18,M315,50,single,iv
204,18,M900,51,rival,iv
157,18,M239,52,single,iv
167,18,M900,54,single,iv
170,18,M239,54,rival,iv
191,18,M900,55,single,iv
126,18,M395,56,rival,iv
134,18,M239,60,rival,iv
146,18,M239,61,rival,iv
224,18,M596,61,rival,iv
188,18,M596,65,rival,iv
135,18,M315,66,single,iv
165,18,M703,67,single,iv
154,18,M703,69,rival,iv
166,18,M703,71,rival,iv
228,18,M900,75,rival,iv
149,18,M395,77,single,iv
174,18,M395,94,rival,iv
233,18,M395,95,single,iv
123,18,M315,97,single,iv
239,18,M900,97,single,iv
184,18,M315,101,rival,iv
227,18,M900,106,single,iv
151,18,M596,108,single,iv
125,18,M395,110,single,iv
161,18,M395,116,single,iv
231,18,M315,126,single,iv
89,18,M395,59,single,wild
33,18,M703,55,single,wild
79,18,M596,29,single,wild
101,18,M395,21,single,wild
59,18,M900,24,single,wild
17,18,M395,34,single,wild
107,18,M900,35,single,wild
47,18,M900,55,single,wild
11,18,M900,53,single,wild
69,18,M703,89,single,wild
85,18,M239,66,single,wild
93,18,M703,130,single,wild
7,18,M596,68,single,wild
55,18,M596,77,single,wild
25,18,M239,94,single,wild
27,18,M315,82,single,wild
71,18,M900,79,single,wild
115,18,M596,81,single,wild
51,18,M315,131,single,wild
21,18,M703,99,single,wild
5,18,M395,93,single,wild
65,18,M395,78,single,wild
97,18,M239,81,single,wild
29,18,M395,83,single,wild
37,18,M239,83,single,wild
39,18,M315,89,single,wild
43,18,M596,84,single,wild
67,18,M596,95,single,wild
45,18,M703,99,single,wild
53,18,M395,122,single,wild
119,18,M900,111,single,wild
113,18,M395,87,single,wild
13,18,M239,113,single,wild
117,18,M703,120,single,wild
73,18,M239,113,single,wild
3,18,M315,103,single,wild
87,18,M315,106,single,wild
109,18,M239,121,single,wild
19,18,M596,101,single,wild
103,18,M596,96,single,wild
57,18,M703,109,single,wild
81,18,M703,110,single,wild
105,18,M703,119,single,wild
41,18,M395,100,single,wild
77,18,M395,101,single,wild
1,18,M239,112,single,wild
35,18,M900,126,single,wild
75,18,M315,110,single,wild
63,18,M315,115,single,wild
9,18,M703,117,single,wild
99,18,M315,122,single,wild
28,18,M315,4,rival,wild
84,18,M900,6,rival,wild
14,18,M239,8,rival,wild
100,18,M315,10,rival,wild
64,18,M315,28,rival,wild
10,18,M703,30,rival,wild
88,18,M315,40,rival,wild
94,18,M703,40,rival,wild
112,18,M315,43,rival,wild
38,18,M239,51,rival,wild
62,18,M239,53,rival,wild
54,18,M395,65,rival,wild
70,18,M703,71,rival,wild
52,18,M315,72,rival,wild
20,18,M596,73,rival,wild
24,18,M900,73,rival,wild
40,18,M315,73,rival,wild
30,18,M395,76,rival,wild
96,18,M900,76,rival,wild
34,18,M703,77,rival,wild
68,18,M596,78,rival,wild
76,18,M315,79,rival,wild
78,18,M395,81,rival,wild
120,18,M900,81,rival,wild
58,18,M703,82,rival,wild
74,18,M239,83,rival,wild
90,18,M395,84,rival,wild
114,18,M395,86,rival,wild
8,18,M596,87,rival,wild
2,18,M239,88,rival,wild
18,18,M395,90,rival,wild
102,18,M395,90,rival,wild
4,18,M315,91,rival,wild
106,18,M703,91,rival,wild
72,18,M900,92,rival,wild
80,18,M596,92,rival,wild
12,18,M900,93,rival,wild
86,18,M239,93,rival,wild
44,18,M596,94,rival,wild
110,18,M239,94,rival,wild
82,18,M703,95,rival,wild
116,18,M596,96,rival,wild
92,18,M596,98,rival,wild
118,18,M703,99,rival,wild
48,18,M900,101,rival,wild
6,18,M395,103,rival,wild
16,18,M315,103,rival,wild
60,18,M900,103,rival,wild
46,18,M703,107,rival,wild
56,18,M596,118,rival,wild
108,18,M900,120,rival,wild
50,18,M239,127,rival,wild
128,20,M596,0,rival,iv
136,20,M315,0,rival,iv
137,20,M395,0,single,iv
138,20,M395,0,rival,iv
139,20,M596,0,single,iv
147,20,M315,0,single,iv
149,20,M395,0,single,iv
150,20,M395,0,rival,iv
158,20,M239,0,rival,iv
163,20,M596,0,single,iv
168,20,M900,0,rival,iv
179,20,M900,0,single,iv
184,20,M315,0,rival,iv
189,20,M703,0,single,iv
191,20,M900,0,single,iv
192,20,M900,0,rival,iv
196,20,M315,0,rival,iv
215,20,M900,0,single,iv
142,20,M703,1,rival,iv
200,20,M596,1,rival,iv
199,20,M596,3,single,iv
141,20,M703,4,single,iv
217,20,M239,4,single,iv
206,20,M239,7,rival,iv
233,20,M395,7,single,iv
124,20,M315,9,rival,iv
234,20,M395,9,rival,iv
169,20,M239,11,single,iv
143,20,M900,14,single,iv
156,20,M900,18,rival,iv
161,20,M395,20,single,iv
162,20,M395,22,rival,iv
125,20,M395,26,single,iv
224,20,M596,29,rival,iv
134,20,M239,30,rival,iv
123,20,M315,34,single,iv
230,20,M239,34,rival,iv
197,20,M395,37,single,iv
228,20,M900,38,rival,iv
207,20,M315,39,single,iv
122,20,M239,41,rival,iv
164,20,M596,41,rival,iv
148,20,M315,42,rival,iv
165,20,M703,43,single,iv
146,20,M239,45,rival,iv
211,20,M596,45,single,iv
166,20,M703,49,rival,iv
154,20,M703,51,rival,iv
187,20,M596,53,single,iv
235,20,M596,56,single,iv
135,20,M315,57,single,iv
204,20,M900,57,rival,iv
170,20,M239,59,rival,iv
167,20,M900,61,single,iv
193,20,M239,61,single,iv
218,20,M239,68,rival,iv
174,20,M395,75,rival,iv
126,20,M395,80,rival,iv
239,20,M900,86,single,iv
237,20,M703,93,single,iv
227,20,M900,101,single,iv
151,20,M596,103,single,iv
157,20,M239,107,single,iv
231,20,M315,109,single,iv
180,20,M900,127,rival,iv
79,20,M596,6,single,wild
27,20,M315,20,single,wild
47,20,M900,36,single,wild
39,20,M315,45,single,wild
113,20,M395,49,single,wild
11,20,M900,55,single,wild
73,20,M239,58,single,wild
59,20,M900,62,single,wild
29,20,M395,64,single,wild
5,20,M395,66,single,wild
37,20,M239,67,single,wild
115,20,M596,76,single,wild
101,20,M395,77,single,wild
3,20,M315,82,single,wild
7,20,M596,82,single,wild
45,20,M703,82,single,wild
25,20,M239,83,single,wild
71,20,M900,83,single,wild
65,20,M395,88,single,wild
103,20,M596,92,single,wild
17,20,M395,96,single,wild
43,20,M596,97,single,wild
35,20,M900,99,single,wild
87,20,M315,99,single,wild
57,20,M703,102,single,wild
69,20,M703,102,single,wild
85,20,M239,103,single,wild
41,20,M395,104,single,wild
51,20,M315,104,single,wild
63,20,M315,104,single,wild
77,20,M395,105,single,wild
13,20,M239,107,single,wild
93,20,M703,107,single,wild
105,20,M703,107,single,wild
67,20,M596,110,single,wild
117,20,M703,110,single,wild
109,20,M239,112,single,wild
97,20,M239,113,single,wild
119,20,M900,113,single,wild
19,20,M596,115,single,wild
75,20,M315,119,single,wild
81,20,M703,122,single,wild
99,20,M315,123,single,wild
1,20,M239,133,single,wild
9,20,M703,139,single,wild
53,20,M395,143,single,wild
90,20,M395,5,rival,wild
100,20,M315,6,rival,wild
70,20,M703,11,rival,wild
84,20,M900,13,rival,wild
8,20,M596,21,rival,wild
24,20,M900,23,rival,wild
10,20,M703,26,rival,wild
72,20,M900,29,rival,wild
2,20,M239,30,rival,wild
96,20,M900,31,rival,wild
112,20,M315,38,rival,wild
78,20,M395,46,rival,wild
58,20,M703,56,rival,wild
88,20,M315,60,rival,wild
94,20,M703,68,rival,wild
6,20,M395,69,rival,wild
40,20,M315,69,rival,wild
68,20,M596,72,rival,wild
116,20,M596,75,rival,wild
92,20,M596,76,rival,wild
52,20,M315,77,rival,wild
28,20,M315,78,rival,wild
76,20,M315,80,rival,wild
18,20,M395,81,rival,wild
82,20,M703,81,rival,wild
12,20,M900,84,rival,wild
86,20,M239,85,rival,wild
60,20,M900,86,rival,wild
34,20,M703,89,rival,wild
80,20,M596,91,rival,wild
4,20,M315,95,rival,wild
44,20,M596,96,rival,wild
106,20,M703,97,rival,wild
120,20,M900,97,rival,wild
16,20,M315,98,rival,wild
20,20,M596,99,rival,wild
30,20,M395,99,rival,wild
38,20,M239,101,rival,wild
114,20,M395,101,rival,wild
48,20,M900,106,rival,wild
54,20,M395,106,rival,wild
110,20,M239,107,rival,wild
74,20,M239,110,rival,wild
102,20,M395,113,rival,wild
108,20,M900,113,rival,wild
62,20,M239,114,rival,wild
118,20,M703,116,rival,wild
56,20,M596,124,rival,wild
50,20,M239,132,rival,wild